일자,계(명),국내발생(명),해외유입(명),사망(명),,,,,,,
누적(명),26412901,26342261,70640,29862,,,,,,,
2020.1.20,1,-,1,-,,,,,,,
2020.1.21,0,-,-,-,,,,,,,
2020.1.22,0,-,-,-,,,,,,,
2020.1.23,0,-,-,-,,,,,,,
2020.1.24,1,-,1,-,,,,,,,
2020.1.25,0,-,-,-,,,,,,,
2020.1.26,1,-,1,-,,,,,,,
2020.1.27,1,-,1,-,,,,,,,
2020.1.28,0,-,-,-,,,,,,,
2020.1.29,0,-,-,-,,,,,,,
2020.1.30,3,1,2,-,,,,,,,
2020.1.31,4,3,1,-,,,,,,,
2020.2.1,1,-,1,-,,,,,,,
2020.2.2,3,1,2,-,,,,,,,
2020.2.3,0,-,-,-,,,,,,,
2020.2.4,1,-,1,-,,,,,,,
2020.2.5,5,3,2,-,,,,,,,
2020.2.6,3,1,2,-,,,,,,,
2020.2.7,0,-,-,-,,,,,,,
2020.2.8,0,-,-,-,,,,,,,
2020.2.9,3,1,2,-,,,,,,,
2020.2.10,1,1,-,-,,,,,,,
2020.2.11,0,-,-,-,,,,,,,
2020.2.12,0,-,-,-,,,,,,,
2020.2.13,0,-,-,-,,,,,,,
2020.2.14,0,-,-,-,,,,,,,
2020.2.15,0,-,-,-,,,,,,,
2020.2.16,2,2,-,-,,,,,,,
2020.2.17,0,-,-,-,,,,,,,
2020.2.18,2,2,-,-,,,,,,,
2020.2.19,34,34,-,-,,,,,,,
2020.2.20,16,16,-,1,,,,,,,
2020.2.21,74,74,-,-,,,,,,,
2020.2.22,190,190,-,2,,,,,,,
2020.2.23,210,209,1,-,,,,,,,
2020.2.24,207,206,1,4,,,,,,,
2020.2.25,130,129,1,1,,,,,,,
2020.2.26,253,252,1,3,,,,,,,
2020.2.27,449,447,2,1,,,,,,,
2020.2.28,427,427,-,1,,,,,,,
2020.2.29,909,909,-,3,,,,,,,
2020.3.1,595,593,2,1,,,,,,,
2020.3.2,686,684,2,6,,,,,,,
2020.3.3,600,599,1,5,,,,,,,
2020.3.4,516,516,-,4,,,,,,,
2020.3.5,438,437,1,3,,,,,,,
2020.3.6,518,518,-,7,,,,,,,
2020.3.7,483,483,-,2,,,,,,,
2020.3.8,367,366,1,6,,,,,,,
2020.3.9,248,247,1,1,,,,,,,
2020.3.10,131,131,-,3,,,,,,,
2020.3.11,242,239,3,6,,,,,,,
2020.3.12,114,112,2,6,,,,,,,
2020.3.13,110,107,3,1,,,,,,,
2020.3.14,107,102,5,5,,,,,,,
2020.3.15,76,72,4,3,,,,,,,
2020.3.16,74,70,4,-,,,,,,,
2020.3.17,84,79,5,6,,,,,,,
2020.3.18,93,80,13,3,,,,,,,
2020.3.19,152,135,17,7,,,,,,,
2020.3.20,87,73,14,3,,,,,,,
2020.3.21,147,126,21,8,,,,,,,
2020.3.22,98,77,21,2,,,,,,,
2020.3.23,64,46,18,7,,,,,,,
2020.3.24,76,46,30,9,,,,,,,
2020.3.25,100,42,58,6,,,,,,,
2020.3.26,104,56,48,5,,,,,,,
2020.3.27,91,57,34,8,,,,,,,
2020.3.28,146,90,56,5,,,,,,,
2020.3.29,105,38,67,8,,,,,,,
2020.3.30,78,35,43,6,,,,,,,
2020.3.31,125,88,37,4,,,,,,,
2020.4.1,101,56,45,3,,,,,,,
2020.4.2,89,43,46,4,,,,,,,
2020.4.3,86,37,49,5,,,,,,,
2020.4.4,94,53,41,3,,,,,,,
2020.4.5,81,31,50,6,,,,,,,
2020.4.6,47,25,22,3,,,,,,,
2020.4.7,47,23,24,6,,,,,,,
2020.4.8,53,23,30,8,,,,,,,
2020.4.9,39,13,26,4,,,,,,,
2020.4.10,27,17,10,4,,,,,,,
2020.4.11,30,16,14,3,,,,,,,
2020.4.12,32,9,23,3,,,,,,,
2020.4.13,25,10,15,3,,,,,,,
2020.4.14,27,11,16,5,,,,,,,
2020.4.15,27,13,14,3,,,,,,,
2020.4.16,22,11,11,4,,,,,,,
2020.4.17,22,7,15,1,,,,,,,
2020.4.18,18,9,9,2,,,,,,,
2020.4.19,8,2,6,2,,,,,,,
2020.4.20,13,6,7,2,,,,,,,
2020.4.21,9,4,5,1,,,,,,,
2020.4.22,11,5,6,1,,,,,,,
2020.4.23,8,4,4,2,,,,,,,
2020.4.24,6,4,2,-,,,,,,,
2020.4.25,10,5,5,-,,,,,,,
2020.4.26,10,1,9,2,,,,,,,
2020.4.27,10,3,7,1,,,,,,,
2020.4.28,14,2,12,1,,,,,,,
2020.4.29,9,4,5,2,,,,,,,
2020.4.30,4,-,4,1,,,,,,,
2020.5.1,9,1,8,1,,,,,,,
2020.5.2,6,-,6,2,,,,,,,
2020.5.3,13,3,10,-,,,,,,,
2020.5.4,8,-,8,2,,,,,,,
2020.5.5,3,-,3,2,,,,,,,
2020.5.6,2,-,2,1,,,,,,,
2020.5.7,4,1,3,1,,,,,,,
2020.5.8,12,1,11,-,,,,,,,
2020.5.9,18,17,1,-,,,,,,,
2020.5.10,34,26,8,-,,,,,,,
2020.5.11,35,29,6,-,,,,,,,
2020.5.12,27,22,5,2,,,,,,,
2020.5.13,26,22,4,1,,,,,,,
2020.5.14,29,26,3,1,,,,,,,
2020.5.15,27,22,5,-,,,,,,,
2020.5.16,19,9,10,2,,,,,,,
2020.5.17,13,6,7,-,,,,,,,
2020.5.18,15,5,10,1,,,,,,,
2020.5.19,13,9,4,-,,,,,,,
2020.5.20,32,24,8,-,,,,,,,
2020.5.21,12,10,2,1,,,,,,,
2020.5.22,20,11,9,-,,,,,,,
2020.5.23,23,19,4,2,,,,,,,
2020.5.24,25,17,8,-,,,,,,,
2020.5.25,16,13,3,1,,,,,,,
2020.5.26,19,16,3,2,,,,,,,
2020.5.27,40,37,3,-,,,,,,,
2020.5.28,79,68,11,-,,,,,,,
2020.5.29,58,55,3,-,,,,,,,
2020.5.30,39,27,12,-,,,,,,,
2020.5.31,27,15,12,1,,,,,,,
2020.6.1,35,30,5,1,,,,,,,
2020.6.2,38,36,2,1,,,,,,,
2020.6.3,49,46,3,1,,,,,,,
2020.6.4,39,33,6,-,,,,,,,
2020.6.5,39,34,5,-,,,,,,,
2020.6.6,51,43,8,-,,,,,,,
2020.6.7,57,53,4,-,,,,,,,
2020.6.8,37,32,5,-,,,,,,,
2020.6.9,38,35,3,1,,,,,,,
2020.6.10,50,43,7,2,,,,,,,
2020.6.11,45,40,5,-,,,,,,,
2020.6.12,56,43,13,1,,,,,,,
2020.6.13,48,43,5,-,,,,,,,
2020.6.14,34,31,3,-,,,,,,,
2020.6.15,37,24,13,-,,,,,,,
2020.6.16,34,21,13,1,,,,,,,
2020.6.17,43,31,12,1,,,,,,,
2020.6.18,59,51,8,1,,,,,,,
2020.6.19,49,32,17,-,,,,,,,
2020.6.20,67,36,31,-,,,,,,,
2020.6.21,48,40,8,-,,,,,,,
2020.6.22,17,11,6,-,,,,,,,
2020.6.23,46,16,30,1,,,,,,,
2020.6.24,51,30,21,-,,,,,,,
2020.6.25,28,23,5,1,,,,,,,
2020.6.26,39,26,13,-,,,,,,,
2020.6.27,51,31,20,-,,,,,,,
2020.6.28,62,40,22,-,,,,,,,
2020.6.29,42,30,12,-,,,,,,,
2020.6.30,42,22,20,-,,,,,,,
2020.7.1,51,36,15,-,,,,,,,
2020.7.2,54,44,10,-,,,,,,,
2020.7.3,61,49,12,-,,,,,,,
2020.7.4,63,36,27,1,,,,,,,
2020.7.5,61,43,18,-,,,,,,,
2020.7.6,48,24,24,1,,,,,,,
2020.7.7,44,20,24,1,,,,,,,
2020.7.8,62,30,32,-,,,,,,,
2020.7.9,50,28,22,2,,,,,,,
2020.7.10,45,23,22,1,,,,,,,
2020.7.11,35,20,15,-,,,,,,,
2020.7.12,44,21,23,1,,,,,,,
2020.7.13,62,19,43,-,,,,,,,
2020.7.14,33,14,19,-,,,,,,,
2020.7.15,39,11,28,-,,,,,,,
2020.7.16,61,14,47,2,,,,,,,
2020.7.17,60,21,39,2,,,,,,,
2020.7.18,39,11,28,1,,,,,,,
2020.7.19,34,21,13,1,,,,,,,
2020.7.20,26,4,22,1,,,,,,,
2020.7.21,45,20,25,-,,,,,,,
2020.7.22,63,29,34,1,,,,,,,
2020.7.23,59,39,20,-,,,,,,,
2020.7.24,41,28,13,1,,,,,,,
2020.7.25,113,27,86,-,,,,,,,
2020.7.26,58,12,46,-,,,,,,,
2020.7.27,25,9,16,1,,,,,,,
2020.7.28,28,5,23,1,,,,,,,
2020.7.29,48,14,34,-,,,,,,,
2020.7.30,18,7,11,-,,,,,,,
2020.7.31,36,14,22,1,,,,,,,
2020.8.1,31,8,23,-,,,,,,,
2020.8.2,30,8,22,-,,,,,,,
2020.8.3,23,3,20,-,,,,,,,
2020.8.4,34,13,21,-,,,,,,,
2020.8.5,33,13,20,1,,,,,,,
2020.8.6,43,23,20,-,,,,,,,
2020.8.7,20,9,11,1,,,,,,,
2020.8.8,43,30,13,1,,,,,,,
2020.8.9,36,30,6,1,,,,,,,
2020.8.10,28,17,11,-,,,,,,,
2020.8.11,34,23,11,-,,,,,,,
2020.8.12,54,35,19,-,,,,,,,
2020.8.13,56,47,9,-,,,,,,,
2020.8.14,103,85,18,-,,,,,,,
2020.8.15,166,154,12,-,,,,,,,
2020.8.16,279,267,12,-,,,,,,,
2020.8.17,197,188,9,-,,,,,,,
2020.8.18,246,235,11,1,,,,,,,
2020.8.19,297,283,14,-,,,,,,,
2020.8.20,288,276,12,1,,,,,,,
2020.8.21,324,315,9,2,,,,,,,
2020.8.22,332,315,17,-,,,,,,,
2020.8.23,396,386,10,-,,,,,,,
2020.8.24,266,258,8,-,,,,,,,
2020.8.25,280,264,16,1,,,,,,,
2020.8.26,320,307,13,2,,,,,,,
2020.8.27,441,434,7,1,,,,,,,
2020.8.28,371,359,12,3,,,,,,,
2020.8.29,323,308,15,5,,,,,,,
2020.8.30,299,283,16,2,,,,,,,
2020.8.31,248,238,10,1,,,,,,,
2020.9.1,235,221,14,-,,,,,,,
2020.9.2,267,253,14,2,,,,,,,
2020.9.3,195,188,7,3,,,,,,,
2020.9.4,198,188,10,2,,,,,,,
2020.9.5,168,158,10,2,,,,,,,
2020.9.6,167,152,15,1,,,,,,,
2020.9.7,119,107,12,2,,,,,,,
2020.9.8,136,120,16,5,,,,,,,
2020.9.9,156,144,12,3,,,,,,,
2020.9.10,155,140,15,2,,,,,,,
2020.9.11,176,161,15,4,,,,,,,
2020.9.12,136,118,18,5,,,,,,,
2020.9.13,121,99,22,3,,,,,,,
2020.9.14,109,98,11,5,,,,,,,
2020.9.15,106,90,16,4,,,,,,,
2020.9.16,113,105,8,-,,,,,,,
2020.9.17,153,145,8,5,,,,,,,
2020.9.18,126,109,17,5,,,,,,,
2020.9.19,110,106,4,1,,,,,,,
2020.9.20,82,72,10,5,,,,,,,
2020.9.21,70,55,15,2,,,,,,,
2020.9.22,61,50,11,3,,,,,,,
2020.9.23,110,99,11,-,,,,,,,
2020.9.24,125,109,16,5,,,,,,,
2020.9.25,114,95,19,2,,,,,,,
2020.9.26,61,49,12,4,,,,,,,
2020.9.27,95,73,22,2,,,,,,,
2020.9.28,50,40,10,5,,,,,,,
2020.9.29,38,23,15,1,,,,,,,
2020.9.30,113,94,19,6,,,,,,,
2020.10.1,77,67,10,2,,,,,,,
2020.10.2,63,53,10,1,,,,,,,
2020.10.3,75,52,23,4,,,,,,,
2020.10.4,64,47,17,1,,,,,,,
2020.10.5,73,64,9,1,,,,,,,
2020.10.6,75,66,9,-,,,,,,,
2020.10.7,114,94,20,3,,,,,,,
2020.10.8,69,60,9,2,,,,,,,
2020.10.9,54,38,16,1,,,,,,,
2020.10.10,72,61,11,2,,,,,,,
2020.10.11,58,46,12,2,,,,,,,
2020.10.12,98,69,29,1,,,,,,,
2020.10.13,91,69,22,1,,,,,,,
2020.10.14,84,53,31,4,,,,,,,
2020.10.15,110,95,15,1,,,,,,,
2020.10.16,47,41,6,2,,,,,,,
2020.10.17,73,62,11,2,,,,,,,
2020.10.18,91,71,20,1,,,,,,,
2020.10.19,76,50,26,-,,,,,,,
2020.10.20,58,41,17,3,,,,,,,
2020.10.21,89,57,32,3,,,,,,,
2020.10.22,121,104,17,3,,,,,,,
2020.10.23,155,138,17,2,,,,,,,
2020.10.24,77,66,11,2,,,,,,,
2020.10.25,61,50,11,-,,,,,,,
2020.10.26,119,94,25,-,,,,,,,
2020.10.27,88,72,16,3,,,,,,,
2020.10.28,103,96,7,1,,,,,,,
2020.10.29,125,107,18,1,,,,,,,
2020.10.30,113,93,20,1,,,,,,,
2020.10.31,127,96,31,1,,,,,,,
2020.11.1,124,101,23,2,,,,,,,
2020.11.2,97,79,18,2,,,,,,,
2020.11.3,75,46,29,4,,,,,,,
2020.11.4,117,98,19,2,,,,,,,
2020.11.5,125,108,17,1,,,,,,,
2020.11.6,145,117,28,1,,,,,,,
2020.11.7,89,72,17,1,,,,,,,
2020.11.8,143,118,25,1,,,,,,,
2020.11.9,126,99,27,2,,,,,,,
2020.11.10,100,71,29,5,,,,,,,
2020.11.11,145,113,32,2,,,,,,,
2020.11.12,143,128,15,-,,,,,,,
2020.11.13,191,162,29,1,,,,,,,
2020.11.14,205,166,39,4,,,,,,,
2020.11.15,208,176,32,1,,,,,,,
2020.11.16,222,192,30,1,,,,,,,
2020.11.17,230,202,28,-,,,,,,,
2020.11.18,285,245,40,2,,,,,,,
2020.11.19,325,293,32,2,,,,,,,
2020.11.20,348,320,28,3,,,,,,,
2020.11.21,386,361,25,2,,,,,,,
2020.11.22,330,302,28,2,,,,,,,
2020.11.23,271,255,16,4,,,,,,,
2020.11.24,349,318,31,1,,,,,,,
2020.11.25,382,363,19,3,,,,,,,
2020.11.26,581,552,29,2,,,,,,,
2020.11.27,555,525,30,1,,,,,,,
2020.11.28,503,486,17,6,,,,,,,
2020.11.29,450,413,37,1,,,,,,,
2020.11.30,438,414,24,3,,,,,,,
2020.12.1,451,420,31,-,,,,,,,
2020.12.2,511,492,19,-,,,,,,,
2020.12.3,540,516,24,3,,,,,,,
2020.12.4,628,600,28,7,,,,,,,
2020.12.5,577,559,18,4,,,,,,,
2020.12.6,631,599,32,5,,,,,,,
2020.12.7,615,580,35,4,,,,,,,
2020.12.8,587,561,26,3,,,,,,,
2020.12.9,670,646,24,4,,,,,,,
2020.12.10,680,643,37,8,,,,,,,
2020.12.11,689,673,16,8,,,,,,,
2020.12.12,950,928,22,6,,,,,,,
2020.12.13,1030,1000,30,2,,,,,,,
2020.12.14,718,682,36,7,,,,,,,
2020.12.15,880,848,32,13,,,,,,,
2020.12.16,1078,1054,24,12,,,,,,,
2020.12.17,1014,994,20,22,,,,,,,
2020.12.18,1064,1038,26,11,,,,,,,
2020.12.19,1045,1024,21,14,,,,,,,
2020.12.20,1096,1071,25,15,,,,,,,
2020.12.21,924,891,33,24,,,,,,,
2020.12.22,866,821,45,24,,,,,,,
2020.12.23,1090,1058,32,17,,,,,,,
2020.12.24,985,955,30,17,,,,,,,
2020.12.25,1240,1215,25,17,,,,,,,
2020.12.26,1131,1103,28,20,,,,,,,
2020.12.27,970,946,24,15,,,,,,,
2020.12.28,806,786,20,11,,,,,,,
2020.12.29,1044,1028,16,40,,,,,,,
2020.12.30,1050,1025,25,20,,,,,,,
2020.12.31,967,940,27,21,,,,,,,
2021.1.1,1027,1002,25,17,,,,,,,
2021.1.2,820,784,36,25,,,,,,,
2021.1.3,657,641,16,20,,,,,,,
2021.1.4,1020,986,34,19,,,,,,,
2021.1.5,714,672,42,26,,,,,,,
2021.1.6,838,807,31,20,,,,,,,
2021.1.7,869,832,37,19,,,,,,,
2021.1.8,674,632,42,35,,,,,,,
2021.1.9,641,596,45,19,,,,,,,
2021.1.10,657,623,34,25,,,,,,,
2021.1.11,451,419,32,15,,,,,,,
2021.1.12,537,510,27,25,,,,,,,
2021.1.13,561,535,26,20,,,,,,,
2021.1.14,524,496,28,10,,,,,,,
2021.1.15,512,483,29,22,,,,,,,
2021.1.16,580,547,33,19,,,,,,,
2021.1.17,520,500,20,13,,,,,,,
2021.1.18,389,366,23,15,,,,,,,
2021.1.19,386,351,35,19,,,,,,,
2021.1.20,404,373,31,17,,,,,,,
2021.1.21,400,381,19,16,,,,,,,
2021.1.22,346,314,32,12,,,,,,,
2021.1.23,431,403,28,9,,,,,,,
2021.1.24,392,369,23,12,,,,,,,
2021.1.25,437,405,32,11,,,,,,,
2021.1.26,349,333,16,11,,,,,,,
2021.1.27,559,516,43,7,,,,,,,
2021.1.28,497,479,18,8,,,,,,,
2021.1.29,469,445,24,13,,,,,,,
2021.1.30,456,421,35,15,,,,,,,
2021.1.31,354,323,31,6,,,,,,,
2021.2.1,305,285,20,5,,,,,,,
2021.2.2,336,295,41,10,,,,,,,
2021.2.3,467,433,34,6,,,,,,,
2021.2.4,451,429,22,7,,,,,,,
2021.2.5,370,350,20,11,,,,,,,
2021.2.6,390,362,28,5,,,,,,,
2021.2.7,371,325,46,7,,,,,,,
2021.2.8,288,264,24,3,,,,,,,
2021.2.9,303,273,30,8,,,,,,,
2021.2.10,444,414,30,4,,,,,,,
2021.2.11,504,467,37,10,,,,,,,
2021.2.12,403,384,19,11,,,,,,,
2021.2.13,362,345,17,7,,,,,,,
2021.2.14,326,304,22,8,,,,,,,
2021.2.15,343,322,21,5,,,,,,,
2021.2.16,457,429,28,7,,,,,,,
2021.2.17,621,590,31,4,,,,,,,
2021.2.18,621,590,31,6,,,,,,,
2021.2.19,561,533,28,6,,,,,,,
2021.2.20,448,416,32,3,,,,,,,
2021.2.21,416,391,25,4,,,,,,,
2021.2.22,332,313,19,5,,,,,,,
2021.2.23,356,329,27,11,,,,,,,
2021.2.24,440,417,23,3,,,,,,,
2021.2.25,395,368,27,5,,,,,,,
2021.2.26,387,363,24,4,,,,,,,
2021.2.27,415,405,10,10,,,,,,,
2021.2.28,355,333,22,8,,,,,,,
2021.3.1,355,338,17,2,,,,,,,
2021.3.2,344,319,25,1,,,,,,,
2021.3.3,444,426,18,6,,,,,,,
2021.3.4,424,401,23,7,,,,,,,
2021.3.5,398,381,17,8,,,,,,,
2021.3.6,418,404,14,5,,,,,,,
2021.3.7,416,398,18,2,,,,,,,
2021.3.8,346,335,11,8,,,,,,,
2021.3.9,446,427,19,3,,,,,,,
2021.3.10,470,452,18,3,,,,,,,
2021.3.11,465,444,21,4,,,,,,,
2021.3.12,488,467,21,10,,,,,,,
2021.3.13,490,474,16,5,,,,,,,
2021.3.14,459,436,23,2,,,,,,,
2021.3.15,379,367,12,6,,,,,,,
2021.3.16,363,345,18,3,,,,,,,
2021.3.17,469,452,17,8,,,,,,,
2021.3.18,445,427,18,2,,,,,,,
2021.3.19,463,441,22,2,,,,,,,
2021.3.20,447,435,12,3,,,,,,,
2021.3.21,456,437,19,3,,,,,,,
2021.3.22,415,396,19,1,,,,,,,
2021.3.23,346,331,15,7,,,,,,,
2021.3.24,428,411,17,3,,,,,,,
2021.3.25,430,419,11,2,,,,,,,
2021.3.26,489,466,23,7,,,,,,,
2021.3.27,505,490,15,5,,,,,,,
2021.3.28,481,461,20,1,,,,,,,
2021.3.29,382,369,13,4,,,,,,,
2021.3.30,447,429,18,3,,,,,,,
2021.3.31,506,491,15,2,,,,,,,
2021.4.1,551,537,14,4,,,,,,,
2021.4.2,557,532,25,2,,,,,,,
2021.4.3,543,521,22,3,,,,,,,
2021.4.4,543,514,29,4,,,,,,,
2021.4.5,473,449,24,4,,,,,,,
2021.4.6,477,459,18,4,,,,,,,
2021.4.7,668,653,15,4,,,,,,,
2021.4.8,700,674,26,2,,,,,,,
2021.4.9,671,644,27,6,,,,,,,
2021.4.10,677,662,15,1,,,,,,,
2021.4.11,614,594,20,3,,,,,,,
2021.4.12,587,560,27,2,,,,,,,
2021.4.13,542,528,14,5,,,,,,,
2021.4.14,731,714,17,7,,,,,,,
2021.4.15,698,670,28,6,,,,,,,
2021.4.16,673,652,21,2,,,,,,,
2021.4.17,658,630,28,4,,,,,,,
2021.4.18,671,648,23,3,,,,,,,
2021.4.19,532,512,20,4,,,,,,,
2021.4.20,549,529,20,1,,,,,,,
2021.4.21,731,692,39,4,,,,,,,
2021.4.22,735,715,20,2,,,,,,,
2021.4.23,797,758,39,3,,,,,,,
2021.4.24,785,759,26,1,,,,,,,
2021.4.25,644,603,41,1,,,,,,,
2021.4.26,499,469,30,4,,,,,,,
2021.4.27,512,477,35,3,,,,,,,
2021.4.28,769,748,21,1,,,,,,,
2021.4.29,679,648,31,4,,,,,,,
2021.4.30,661,642,19,3,,,,,,,
2021.5.1,626,592,34,3,,,,,,,
2021.5.2,606,585,21,2,,,,,,,
2021.5.3,488,465,23,1,,,,,,,
2021.5.4,541,514,27,6,,,,,,,
2021.5.5,676,651,25,7,,,,,,,
2021.5.6,574,562,12,4,,,,,,,
2021.5.7,525,509,16,9,,,,,,,
2021.5.8,701,672,29,5,,,,,,,
2021.5.9,564,522,42,9,,,,,,,
2021.5.10,463,436,27,1,,,,,,,
2021.5.11,510,483,27,4,,,,,,,
2021.5.12,634,612,22,5,,,,,,,
2021.5.13,715,692,23,7,,,,,,,
2021.5.14,747,729,18,2,,,,,,,
2021.5.15,681,661,20,3,,,,,,,
2021.5.16,610,572,38,4,,,,,,,
2021.5.17,619,597,22,3,,,,,,,
2021.5.18,528,506,22,1,,,,,,,
2021.5.19,654,637,17,8,,,,,,,
2021.5.20,646,619,27,4,,,,,,,
2021.5.21,561,542,19,6,,,,,,,
2021.5.22,666,633,33,4,,,,,,,
2021.5.23,585,570,15,5,,,,,,,
2021.5.24,530,505,25,3,,,,,,,
2021.5.25,516,481,35,4,,,,,,,
2021.5.26,705,684,21,2,,,,,,,
2021.5.27,629,620,9,3,,,,,,,
2021.5.28,587,571,16,3,,,,,,,
2021.5.29,533,505,28,5,,,,,,,
2021.5.30,480,464,16,6,,,,,,,
2021.5.31,430,411,19,2,,,,,,,
2021.6.1,459,449,10,4,,,,,,,
2021.6.2,677,654,23,2,,,,,,,
2021.6.3,681,672,9,3,,,,,,,
2021.6.4,695,674,21,1,,,,,,,
2021.6.5,744,725,19,2,,,,,,,
2021.6.6,556,541,15,2,,,,,,,
2021.6.7,485,454,31,1,,,,,,,
2021.6.8,454,435,19,1,,,,,,,
2021.6.9,602,581,21,2,,,,,,,
2021.6.10,610,593,17,2,,,,,,,
2021.6.11,556,541,15,2,,,,,,,
2021.6.12,565,525,40,1,,,,,,,
2021.6.13,452,419,33,3,,,,,,,
2021.6.14,399,360,39,3,,,,,,,
2021.6.15,373,347,26,4,,,,,,,
2021.6.16,545,522,23,1,,,,,,,
2021.6.17,540,523,17,1,,,,,,,
2021.6.18,507,485,22,2,,,,,,,
2021.6.19,482,456,26,1,,,,,,,
2021.6.20,429,380,49,5,,,,,,,
2021.6.21,357,317,40,2,,,,,,,
2021.6.22,394,350,44,2,,,,,,,
2021.6.23,645,605,40,1,,,,,,,
2021.6.24,610,576,34,1,,,,,,,
2021.6.25,634,602,32,1,,,,,,,
2021.6.26,668,611,57,3,,,,,,,
2021.6.27,614,570,44,1,,,,,,,
2021.6.28,501,472,29,2,,,,,,,
2021.6.29,595,560,35,2,,,,,,,
2021.6.30,794,759,35,1,,,,,,,
2021.7.1,761,711,50,3,,,,,,,
2021.7.2,825,765,60,3,,,,,,,
2021.7.3,794,748,46,1,,,,,,,
2021.7.4,743,662,81,1,,,,,,,
2021.7.5,711,644,67,2,,,,,,,
2021.7.6,746,690,56,4,,,,,,,
2021.7.7,1211,1166,45,1,,,,,,,
2021.7.8,1275,1227,48,1,,,,,,,
2021.7.9,1316,1236,80,2,,,,,,,
2021.7.10,1378,1320,58,2,,,,,,,
2021.7.11,1324,1280,44,5,,,,,,,
2021.7.12,1100,1063,37,1,,,,,,,
2021.7.13,1150,1097,53,2,,,,,,,
2021.7.14,1613,1566,47,2,,,,,,,
2021.7.15,1599,1554,45,2,,,,,,,
2021.7.16,1535,1475,60,1,,,,,,,
2021.7.17,1449,1400,49,4,,,,,,,
2021.7.18,1453,1402,51,2,,,,,,,
2021.7.19,1251,1207,44,1,,,,,,,
2021.7.20,1278,1242,36,1,,,,,,,
2021.7.21,1781,1725,56,1,,,,,,,
2021.7.22,1841,1532,309,3,,,,,,,
2021.7.23,1629,1573,56,3,,,,,,,
2021.7.24,1627,1572,55,2,,,,,,,
2021.7.25,1487,1422,65,5,,,,,,,
2021.7.26,1318,1264,54,4,,,,,,,
2021.7.27,1363,1274,89,2,,,,,,,
2021.7.28,1895,1822,73,4,,,,,,,
2021.7.29,1673,1631,42,2,,,,,,,
2021.7.30,1710,1662,48,4,,,,,,,
2021.7.31,1538,1465,73,6,,,,,,,
2021.8.1,1442,1386,56,3,,,,,,,
2021.8.2,1218,1150,68,1,,,,,,,
2021.8.3,1200,1150,50,5,,,,,,,
2021.8.4,1725,1664,61,2,,,,,,,
2021.8.5,1775,1716,59,3,,,,,,,
2021.8.6,1704,1640,64,4,,,,,,,
2021.8.7,1823,1762,61,3,,,,,,,
2021.8.8,1727,1668,59,5,,,,,,,
2021.8.9,1491,1455,36,4,,,,,,,
2021.8.10,1537,1474,63,9,,,,,,,
2021.8.11,2221,2144,77,1,,,,,,,
2021.8.12,1987,1947,40,3,,,,,,,
2021.8.13,1989,1913,76,6,,,,,,,
2021.8.14,1928,1858,70,4,,,,,,,
2021.8.15,1816,1748,68,8,,,,,,,
2021.8.16,1554,1491,63,11,,,,,,,
2021.8.17,1372,1322,50,6,,,,,,,
2021.8.18,1803,1766,37,5,,,,,,,
2021.8.19,2152,2114,38,13,,,,,,,
2021.8.20,2049,1999,50,6,,,,,,,
2021.8.21,1876,1811,65,5,,,,,,,
2021.8.22,1626,1588,38,13,,,,,,,
2021.8.23,1417,1370,47,7,,,,,,,
2021.8.24,1507,1469,38,6,,,,,,,
2021.8.25,2154,2113,41,9,,,,,,,
2021.8.26,1882,1829,53,20,,,,,,,
2021.8.27,1837,1809,28,8,,,,,,,
2021.8.28,1791,1736,55,11,,,,,,,
2021.8.29,1619,1576,43,3,,,,,,,
2021.8.30,1485,1424,61,5,,,,,,,
2021.8.31,1369,1331,38,1,,,,,,,
2021.9.1,2024,1991,33,7,,,,,,,
2021.9.2,1959,1925,34,11,,,,,,,
2021.9.3,1708,1674,34,5,,,,,,,
2021.9.4,1803,1775,28,7,,,,,,,
2021.9.5,1490,1461,29,6,,,,,,,
2021.9.6,1375,1351,24,6,,,,,,,
2021.9.7,1597,1563,34,3,,,,,,,
2021.9.8,2048,2012,36,4,,,,,,,
2021.9.9,2049,2018,31,9,,,,,,,
2021.9.10,1892,1857,35,5,,,,,,,
2021.9.11,1864,1815,49,10,,,,,,,
2021.9.12,1755,1725,30,1,,,,,,,
2021.9.13,1433,1409,24,1,,,,,,,
2021.9.14,1495,1461,34,7,,,,,,,
2021.9.15,2077,2054,23,13,,,,,,,
2021.9.16,1942,1920,22,6,,,,,,,
2021.9.17,2008,1973,35,3,,,,,,,
2021.9.18,2087,2047,40,5,,,,,,,
2021.9.19,1909,1870,39,10,,,,,,,
2021.9.20,1603,1575,28,5,,,,,,,
2021.9.21,1729,1697,32,4,,,,,,,
2021.9.22,1720,1703,17,6,,,,,,,
2021.9.23,1715,1697,18,8,,,,,,,
2021.9.24,2429,2411,18,7,,,,,,,
2021.9.25,3268,3240,28,7,,,,,,,
2021.9.26,2768,2734,34,9,,,,,,,
2021.9.27,2381,2354,27,6,,,,,,,
2021.9.28,2287,2268,19,8,,,,,,,
2021.9.29,2881,2855,26,10,,,,,,,
2021.9.30,2561,2536,25,7,,,,,,,
2021.10.1,2483,2449,34,16,,,,,,,
2021.10.2,2247,2220,27,7,,,,,,,
2021.10.3,2084,2056,28,3,,,,,,,
2021.10.4,1670,1650,20,6,,,,,,,
2021.10.5,1574,1555,19,11,,,,,,,
2021.10.6,2027,2001,26,12,,,,,,,
2021.10.7,2425,2398,27,8,,,,,,,
2021.10.8,2171,2140,31,10,,,,,,,
2021.10.9,1953,1924,29,6,,,,,,,
2021.10.10,1594,1560,34,15,,,,,,,
2021.10.11,1297,1284,13,8,,,,,,,
2021.10.12,1346,1333,13,11,,,,,,,
2021.10.13,1582,1569,13,11,,,,,,,
2021.10.14,1938,1923,15,13,,,,,,,
2021.10.15,1683,1669,14,8,,,,,,,
2021.10.16,1616,1592,24,18,,,,,,,
2021.10.17,1420,1403,17,16,,,,,,,
2021.10.18,1049,1030,19,8,,,,,,,
2021.10.19,1073,1048,25,21,,,,,,,
2021.10.20,1571,1556,15,9,,,,,,,
2021.10.21,1441,1430,11,11,,,,,,,
2021.10.22,1437,1417,20,16,,,,,,,
2021.10.23,1508,1487,21,20,,,,,,,
2021.10.24,1422,1394,28,21,,,,,,,
2021.10.25,1190,1167,23,7,,,,,,,
2021.10.26,1265,1245,20,15,,,,,,,
2021.10.27,1952,1931,21,9,,,,,,,
2021.10.28,2110,2094,16,11,,,,,,,
2021.10.29,2122,2092,30,9,,,,,,,
2021.10.30,2102,2087,15,13,,,,,,,
2021.10.31,2061,2052,9,19,,,,,,,
2021.11.1,1684,1664,20,9,,,,,,,
2021.11.2,1589,1578,11,16,,,,,,,
2021.11.3,2665,2638,27,18,,,,,,,
2021.11.4,2482,2457,25,24,,,,,,,
2021.11.5,2342,2322,20,20,,,,,,,
2021.11.6,2246,2217,29,20,,,,,,,
2021.11.7,2224,2204,20,11,,,,,,,
2021.11.8,1758,1731,27,13,,,,,,,
2021.11.9,1715,1698,17,18,,,,,,,
2021.11.10,2424,2408,16,14,,,,,,,
2021.11.11,2519,2493,26,21,,,,,,,
2021.11.12,2368,2358,10,18,,,,,,,
2021.11.13,2324,2310,14,32,,,,,,,
2021.11.14,2417,2399,18,20,,,,,,,
2021.11.15,2003,1983,20,12,,,,,,,
2021.11.16,2124,2109,15,22,,,,,,,
2021.11.17,3184,3161,23,21,,,,,,,
2021.11.18,3292,3272,20,29,,,,,,,
2021.11.19,3033,3010,23,28,,,,,,,
2021.11.20,3203,3186,17,29,,,,,,,
2021.11.21,3119,3095,24,30,,,,,,,
2021.11.22,2826,2806,20,24,,,,,,,
2021.11.23,2697,2683,14,30,,,,,,,
2021.11.24,4115,4087,28,34,,,,,,,
2021.11.25,3937,3916,21,39,,,,,,,
2021.11.26,3895,3877,18,39,,,,,,,
2021.11.27,4067,4044,23,52,,,,,,,
2021.11.28,3925,3890,35,56,,,,,,,
2021.11.29,3307,3284,23,32,,,,,,,
2021.11.30,3032,3003,29,44,,,,,,,
2021.12.1,5120,5072,48,34,,,,,,,
2021.12.2,5262,5238,24,47,,,,,,,
2021.12.3,4943,4922,21,34,,,,,,,
2021.12.4,5352,5327,25,70,,,,,,,
2021.12.5,5124,5101,23,43,,,,,,,
2021.12.6,4324,4295,29,41,,,,,,,
2021.12.7,4952,4922,30,64,,,,,,,
2021.12.8,7173,7139,34,63,,,,,,,
2021.12.9,7101,7081,20,57,,,,,,,
2021.12.10,7020,6981,39,53,,,,,,,
2021.12.11,6972,6946,26,80,,,,,,,
2021.12.12,6683,6655,28,42,,,,,,,
2021.12.13,5816,5781,35,40,,,,,,,
2021.12.14,5565,5523,42,94,,,,,,,
2021.12.15,7848,7825,23,70,,,,,,,
2021.12.16,7618,7587,31,62,,,,,,,
2021.12.17,7434,7398,36,73,,,,,,,
2021.12.18,7310,7281,29,53,,,,,,,
2021.12.19,6232,6169,63,78,,,,,,,
2021.12.20,5315,5255,60,54,,,,,,,
2021.12.21,5194,5136,58,52,,,,,,,
2021.12.22,7454,7363,91,78,,,,,,,
2021.12.23,6914,6853,61,109,,,,,,,
2021.12.24,6233,6163,70,56,,,,,,,
2021.12.25,5838,5764,74,105,,,,,,,
2021.12.26,5415,5335,80,69,,,,,,,
2021.12.27,4204,4121,83,55,,,,,,,
2021.12.28,3864,3776,88,46,,,,,,,
2021.12.29,5405,5279,126,36,,,,,,,
2021.12.30,5034,4929,105,73,,,,,,,
2021.12.31,4872,4755,117,108,,,,,,,
2022.1.1,4414,4309,105,62,,,,,,,
2022.1.2,3830,3680,150,69,,,,,,,
2022.1.3,3124,2989,135,36,,,,,,,
2022.1.4,3020,2887,133,51,,,,,,,
2022.1.5,4441,4231,210,57,,,,,,,
2022.1.6,4120,3928,192,49,,,,,,,
2022.1.7,3711,3526,185,45,,,,,,,
2022.1.8,3503,3293,210,54,,,,,,,
2022.1.9,3369,3136,233,51,,,,,,,
2022.1.10,3004,2766,238,34,,,,,,,
2022.1.11,3094,2810,284,43,,,,,,,
2022.1.12,4382,4005,377,52,,,,,,,
2022.1.13,4160,3775,385,44,,,,,,,
2022.1.14,4537,4131,406,49,,,,,,,
2022.1.15,4418,4073,345,22,,,,,,,
2022.1.16,4186,3811,375,29,,,,,,,
2022.1.17,3853,3549,304,23,,,,,,,
2022.1.18,4067,3761,306,45,,,,,,,
2022.1.19,5804,5430,374,74,,,,,,,
2022.1.20,6599,6355,244,28,,,,,,,
2022.1.21,6763,6478,285,21,,,,,,,
2022.1.22,6999,6725,274,28,,,,,,,
2022.1.23,7624,7340,284,11,,,,,,,
2022.1.24,7510,7157,353,25,,,,,,,
2022.1.25,8568,8354,214,23,,,,,,,
2022.1.26,13002,12734,268,32,,,,,,,
2022.1.27,14514,14297,217,34,,,,,,,
2022.1.28,16089,15888,201,24,,,,,,,
2022.1.29,17505,17316,189,34,,,,,,,
2022.1.30,17520,17295,225,20,,,,,,,
2022.1.31,17071,16841,230,23,,,,,,,
2022.2.1,18332,18113,219,17,,,,,,,
2022.2.2,20267,20105,162,15,,,,,,,
2022.2.3,22836,22702,134,25,,,,,,,
2022.2.4,27432,27276,156,24,,,,,,,
2022.2.5,36323,36141,182,22,,,,,,,
2022.2.6,38683,38492,191,15,,,,,,,
2022.2.7,35268,35120,148,13,,,,,,,
2022.2.8,36708,36608,100,36,,,,,,,
2022.2.9,49539,49373,166,21,,,,,,,
2022.2.10,54116,54029,87,20,,,,,,,
2022.2.11,53886,53775,111,49,,,,,,,
2022.2.12,54931,54820,111,33,,,,,,,
2022.2.13,56397,56268,129,36,,,,,,,
2022.2.14,54554,54449,105,21,,,,,,,
2022.2.15,57163,56995,168,61,,,,,,,
2022.2.16,90433,90270,163,39,,,,,,,
2022.2.17,93119,93028,91,36,,,,,,,
2022.2.18,109803,109688,115,45,,,,,,,
2022.2.19,102192,102053,139,71,,,,,,,
2022.2.20,104815,104716,99,51,,,,,,,
2022.2.21,95350,95205,145,45,,,,,,,
2022.2.22,99556,99426,130,58,,,,,,,
2022.2.23,171430,171249,181,99,,,,,,,
2022.2.24,169995,169826,169,82,,,,,,,
2022.2.25,165879,165739,140,94,,,,,,,
2022.2.26,166189,166047,142,112,,,,,,,
2022.2.27,163550,163397,153,49,,,,,,,
2022.2.28,139620,139459,161,114,,,,,,,
2022.3.1,138980,138921,59,112,,,,,,,
2022.3.2,219214,219145,69,96,,,,,,,
2022.3.3,198794,198739,55,128,,,,,,,
2022.3.4,266839,266757,82,185,,,,,,,
2022.3.5,254316,254238,78,216,,,,,,,
2022.3.6,243611,243523,88,161,,,,,,,
2022.3.7,210693,210603,90,139,,,,,,,
2022.3.8,202694,202619,75,186,,,,,,,
2022.3.9,342420,342360,60,158,,,,,,,
2022.3.10,327515,327458,57,206,,,,,,,
2022.3.11,282966,282859,107,229,,,,,,,
2022.3.12,383634,383560,74,269,,,,,,,
2022.3.13,350150,350115,35,251,,,,,,,
2022.3.14,309764,309702,62,200,,,,,,,
2022.3.15,362249,362194,55,293,,,,,,,
2022.3.16,400524,400448,76,164,,,,,,,
2022.3.17,621130,621072,58,429,,,,,,,
2022.3.18,406824,406785,39,301,,,,,,,
2022.3.19,381364,381301,63,319,,,,,,,
2022.3.20,334588,334564,24,327,,,,,,,
2022.3.21,209114,209074,40,329,,,,,,,
2022.3.22,353877,353832,45,384,,,,,,,
2022.3.23,490753,490708,45,291,,,,,,,
2022.3.24,395517,395450,67,469,,,,,,,
2022.3.25,339452,339423,29,393,,,,,,,
2022.3.26,335511,335462,49,323,,,,,,,
2022.3.27,318052,318007,45,282,,,,,,,
2022.3.28,187166,187136,30,287,,,,,,,
2022.3.29,347467,347426,41,237,,,,,,,
2022.3.30,424555,424523,32,432,,,,,,,
2022.3.31,320681,320656,25,375,,,,,,,
2022.4.1,280235,280182,53,360,,,,,,,
2022.4.2,264144,264078,66,339,,,,,,,
2022.4.3,234249,234224,25,306,,,,,,,
2022.4.4,127162,127142,20,218,,,,,,,
2022.4.5,266092,266056,36,209,,,,,,,
2022.4.6,286256,286233,23,371,,,,,,,
2022.4.7,224783,224742,41,348,,,,,,,
2022.4.8,205308,205271,37,373,,,,,,,
2022.4.9,185532,185485,47,338,,,,,,,
2022.4.10,164451,164419,32,329,,,,,,,
2022.4.11,90908,90882,26,258,,,,,,,
2022.4.12,210722,210675,47,171,,,,,,,
2022.4.13,195385,195345,40,184,,,,,,,
2022.4.14,148421,148386,35,318,,,,,,,
2022.4.15,125821,125804,17,264,,,,,,,
2022.4.16,107891,107860,31,273,,,,,,,
2022.4.17,92970,92948,22,203,,,,,,,
2022.4.18,47724,47710,14,132,,,,,,,
2022.4.19,118471,118443,28,130,,,,,,,
2022.4.20,111290,111274,16,166,,,,,,,
2022.4.21,90846,90811,35,147,,,,,,,
2022.4.22,81041,81022,19,206,,,,,,,
2022.4.23,75420,75385,35,151,,,,,,,
2022.4.24,64692,64655,37,109,,,,,,,
2022.4.25,34361,34322,39,110,,,,,,,
2022.4.26,80338,80313,25,82,,,,,,,
2022.4.27,76761,76722,39,141,,,,,,,
2022.4.28,57452,57427,25,122,,,,,,,
2022.4.29,50554,50523,31,136,,,,,,,
2022.4.30,43273,43255,18,70,,,,,,,
2022.5.1,37757,37720,37,81,,,,,,,
2022.5.2,20072,20045,27,83,,,,,,,
2022.5.3,51115,51071,44,49,,,,,,,
2022.5.4,49050,49016,34,72,,,,,,,
2022.5.5,42286,42258,28,79,,,,,,,
2022.5.6,26699,26671,28,48,,,,,,,
2022.5.7,39590,39563,27,83,,,,,,,
2022.5.8,40046,40030,16,71,,,,,,,
2022.5.9,20585,20569,16,40,,,,,,,
2022.5.10,49919,49896,23,62,,,,,,,
2022.5.11,43908,43871,37,29,,,,,,,
2022.5.12,35894,35880,14,63,,,,,,,
2022.5.13,32437,32423,14,52,,,,,,,
2022.5.14,29576,29550,26,55,,,,,,,
2022.5.15,25423,25397,26,48,,,,,,,
2022.5.16,13289,13262,27,35,,,,,,,
2022.5.17,35104,35078,26,27,,,,,,,
2022.5.18,31338,31303,35,31,,,,,,,
2022.5.19,28122,28108,14,40,,,,,,,
2022.5.20,25119,25097,22,43,,,,,,,
2022.5.21,23455,23443,12,26,,,,,,,
2022.5.22,19287,19262,25,54,,,,,,,
2022.5.23,9971,9953,18,22,,,,,,,
2022.5.24,26338,26295,43,19,,,,,,,
2022.5.25,23945,23924,21,23,,,,,,,
2022.5.26,18805,18772,33,34,,,,,,,
2022.5.27,16575,16528,47,40,,,,,,,
2022.5.28,14394,14349,45,36,,,,,,,
2022.5.29,12646,12620,26,19,,,,,,,
2022.5.30,6133,6086,47,9,,,,,,,
2022.5.31,17182,17139,43,9,,,,,,,
2022.6.1,15787,15740,47,21,,,,,,,
2022.6.2,9886,9853,33,15,,,,,,,
2022.6.3,12534,12499,35,17,,,,,,,
2022.6.4,12036,11994,42,9,,,,,,,
2022.6.5,9828,9781,47,20,,,,,,,
2022.6.6,5015,4998,17,21,,,,,,,
2022.6.7,6171,6135,36,20,,,,,,,
2022.6.8,13353,13292,61,6,,,,,,,
2022.6.9,12149,12083,66,18,,,,,,,
2022.6.10,9307,9258,49,18,,,,,,,
2022.6.11,8435,8372,63,10,,,,,,,
2022.6.12,7376,7296,80,20,,,,,,,
2022.6.13,3817,3761,56,17,,,,,,,
2022.6.14,9768,9726,42,2,,,,,,,
2022.6.15,9426,9322,104,9,,,,,,,
2022.6.16,7979,7893,86,8,,,,,,,
2022.6.17,7191,7122,69,9,,,,,,,
2022.6.18,6821,6744,77,11,,,,,,,
2022.6.19,6063,5980,83,14,,,,,,,
2022.6.20,3531,3437,94,10,,,,,,,
2022.6.21,9299,9226,73,12,,,,,,,
2022.6.22,8974,8872,102,11,,,,,,,
2022.6.23,7492,7401,91,14,,,,,,,
2022.6.24,7218,7105,113,10,,,,,,,
2022.6.25,6779,6666,113,18,,,,,,,
2022.6.26,6236,6100,136,6,,,,,,,
2022.6.27,3419,3308,111,3,,,,,,,
2022.6.28,9889,9770,119,5,,,,,,,
2022.6.29,10447,10243,204,7,,,,,,,
2022.6.30,9590,9445,145,10,,,,,,,
2022.7.1,9514,9376,138,8,,,,,,,
2022.7.2,10708,10536,172,7,,,,,,,
2022.7.3,10037,9851,186,8,,,,,,,
2022.7.4,6241,6080,161,4,,,,,,,
2022.7.5,18125,17961,164,2,,,,,,,
2022.7.6,19352,19126,226,7,,,,,,,
2022.7.7,18494,18297,197,10,,,,,,,
2022.7.8,19294,19107,187,12,,,,,,,
2022.7.9,20259,20040,219,19,,,,,,,
2022.7.10,20383,20136,247,19,,,,,,,
2022.7.11,12671,12500,171,18,,,,,,,
2022.7.12,37332,37081,251,7,,,,,,,
2022.7.13,40240,39856,384,12,,,,,,,
2022.7.14,39154,38831,323,16,,,,,,,
2022.7.15,38856,38596,260,16,,,,,,,
2022.7.16,41290,41015,275,16,,,,,,,
2022.7.17,40312,40018,294,14,,,,,,,
2022.7.18,26273,25957,316,11,,,,,,,
2022.7.19,73536,73190,346,12,,,,,,,
2022.7.20,76350,75931,419,12,,,,,,,
2022.7.21,71128,70816,312,17,,,,,,,
2022.7.22,68587,68269,318,31,,,,,,,
2022.7.23,68523,68228,295,30,,,,,,,
2022.7.24,65364,65051,313,18,,,,,,,
2022.7.25,35848,35512,336,17,,,,,,,
2022.7.26,99211,98861,350,17,,,,,,,
2022.7.27,100222,99690,532,25,,,,,,,
2022.7.28,88335,87919,416,25,,,,,,,
2022.7.29,85271,84841,430,35,,,,,,,
2022.7.30,81931,81541,390,35,,,,,,,
2022.7.31,73552,73206,346,20,,,,,,,
2022.8.1,44635,44194,441,21,,,,,,,
2022.8.2,111743,111179,564,16,,,,,,,
2022.8.3,119861,119273,588,26,,,,,,,
2022.8.4,107845,107418,427,34,,,,,,,
2022.8.5,112825,112339,486,47,,,,,,,
2022.8.6,110623,110053,570,45,,,,,,,
2022.8.7,105454,104975,479,27,,,,,,,
2022.8.8,55242,54768,474,29,,,,,,,
2022.8.9,149848,149268,580,40,,,,,,,
2022.8.10,151719,151113,606,50,,,,,,,
2022.8.11,137161,136655,506,59,,,,,,,
2022.8.12,128653,128196,457,58,,,,,,,
2022.8.13,124536,124070,466,67,,,,,,,
2022.8.14,119524,119073,451,57,,,,,,,
2022.8.15,62045,61654,391,50,,,,,,,
2022.8.16,84091,83632,459,37,,,,,,,
2022.8.17,180745,180183,562,42,,,,,,,
2022.8.18,178502,177872,630,61,,,,,,,
2022.8.19,138767,138304,463,83,,,,,,,
2022.8.20,129350,128862,488,84,,,,,,,
2022.8.21,110903,110508,395,64,,,,,,,
2022.8.22,59014,58612,402,65,,,,,,,
2022.8.23,150199,149706,493,52,,,,,,,
2022.8.24,139291,138837,454,63,,,,,,,
2022.8.25,113343,112975,368,108,,,,,,,
2022.8.26,101110,100755,355,81,,,,,,,
2022.8.27,95565,95172,393,86,,,,,,,
2022.8.28,85230,84866,364,70,,,,,,,
2022.8.29,43110,42754,356,49,,,,,,,
2022.8.30,115610,115229,381,71,,,,,,,
2022.8.31,103913,103456,457,75,,,,,,,
2022.9.1,81553,81256,297,112,,,,,,,
2022.9.2,89553,89230,323,64,,,,,,,
2022.9.3,79710,79388,322,74,,,,,,,
2022.9.4,72112,71875,237,79,,,,,,,
2022.9.5,37524,37244,280,56,,,,,,,
2022.9.6,99813,99535,278,44,,,,,,,
2022.9.7,85504,85169,335,56,,,,,,,
2022.9.8,72620,72401,219,64,,,,,,,
2022.9.9,69391,69116,275,68,,,,,,,
2022.9.10,42694,42461,233,48,,,,,,,
2022.9.11,28193,27967,226,47,,,,,,,
2022.9.12,36917,36715,202,22,,,,,,,
2022.9.13,57276,57009,267,35,,,,,,,
2022.9.14,93949,93637,312,60,,,,,,,
2022.9.15,71444,71098,346,72,,,,,,,
2022.9.16,51848,51506,342,60,,,,,,,
2022.9.17,43430,43153,277,57,,,,,,,
2022.9.18,34735,34499,236,46,,,,,,,
2022.9.19,19382,19103,279,39,,,,,,,
2022.9.20,47889,47575,314,24,,,,,,,
2022.9.21,41264,40942,322,59,,,,,,,
2022.9.22,32990,32735,255,59,,,,,,,
2022.9.23,29091,28790,301,68,,,,,,,
2022.9.24,29330,29034,296,63,,,,,,,
2022.9.25,25766,25521,245,73,,,,,,,
2022.9.26,14152,13936,216,33,,,,,,,
2022.9.27,39401,39099,302,26,,,,,,,
2022.9.28,36131,35756,375,46,,,,,,,
2022.9.29,30857,30611,246,46,,,,,,,
2022.9.30,28487,28213,274,42,,,,,,,
2022.10.1,26946,26649,297,39,,,,,,,
2022.10.2,23575,23334,241,44,,,,,,,
2022.10.3,12142,12011,131,20,,,,,,,
2022.10.4,16413,16307,106,19,,,,,,,
2022.10.5,34725,34656,69,16,,,,,,,
2022.10.6,28634,28552,82,29,,,,,,,
2022.10.7,22286,22232,54,41,,,,,,,
2022.10.8,19421,19361,60,32,,,,,,,
2022.10.9,17646,17585,61,29,,,,,,,
2022.10.10,8974,8927,47,23,,,,,,,
2022.10.11,15465,15370,95,10,,,,,,,
2022.10.12,30516,30446,70,15,,,,,,,
2022.10.13,26936,26869,67,25,,,,,,,
2022.10.14,23572,23512,60,35,,,,,,,
2022.10.15,22829,22776,53,25,,,,,,,
2022.10.16,21454,21367,87,32,,,,,,,
2022.10.17,11024,10943,81,10,,,,,,,
2022.10.18,33218,33131,87,6,,,,,,,
2022.10.19,29492,29420,72,43,,,,,,,
2022.10.20,25376,25323,53,23,,,,,,,
2022.10.21,24731,24673,58,30,,,,,,,
2022.10.22,26892,26844,48,22,,,,,,,
2022.10.23,26234,26168,66,16,,,,,,,
2022.10.24,14296,14242,54,10,,,,,,,
2022.10.25,43739,43667,72,17,,,,,,,
2022.10.26,40816,40736,80,26,,,,,,,
2022.10.27,34974,34919,55,26,,,,,,,
2022.10.28,35913,35853,60,30,,,,,,,
2022.10.29,37312,37256,56,31,,,,,,,
2022.10.30,34491,34445,46,27,,,,,,,
2022.10.31,18503,18447,56,18,,,,,,,
2022.11.1,58360,58292,68,33,,,,,,,
2022.11.2,54734,54657,77,30,,,,,,,
2022.11.3,46880,46825,55,41,,,,,,,
2022.11.4,43437,43387,50,35,,,,,,,
2022.11.5,40895,40838,57,41,,,,,,,
2022.11.6,36665,36599,66,18,,,,,,,
2022.11.7,18665,18605,60,18,,,,,,,
2022.11.8,62260,62208,52,30,,,,,,,
2022.11.9,62468,62426,42,59,,,,,,,
2022.11.10,55357,55307,50,52,,,,,,,
2022.11.11,54519,54470,49,40,,,,,,,
2022.11.12,54328,54270,58,46,,,,,,,
2022.11.13,48465,48412,53,48,,,,,,,
2022.11.14,23765,23711,54,44,,,,,,,
2022.11.15,72883,72833,50,39,,,,,,,
2022.11.16,66587,66520,67,47,,,,,,,
2022.11.17,55437,55398,39,67,,,,,,,